<keymap version="1" name="GNOME copy" parent="Default for GNOME">
  <action id="EditorDecreaseFontSize">
    <mouse-shortcut keystroke="control button142" />
  </action>
  <action id="EditorIncreaseFontSize">
    <mouse-shortcut keystroke="control button143" />
  </action>
  <action id="ExpressionTypeInfo" />
  <action id="FindPrevious">
    <keyboard-shortcut first-keystroke="shift f3" />
  </action>
  <action id="ReformatCode">
    <keyboard-shortcut first-keystroke="shift ctrl l" />
  </action>
  <action id="ReformatWithPrettierAction">
    <keyboard-shortcut first-keystroke="shift ctrl p" />
    <keyboard-shortcut first-keystroke="ctrl alt l" />
  </action>
  <action id="UsageGrouping.FlattenModules" />
</keymap>